peso,altura,IMC,sexo,edad,tabaco,ubes,carneRoja,verduras,deporte,drogas,dietaEsp,nivEstPad,nivEstudios,nivIngresos
65.23,1.75,21.3,V,28,0,2,1,12,0,0,N,1,3,3
110.22,1.66,40,V,38,40,0,5,0,0,5,N,0,2,2
106.28,1.63,40,M,22,50,0,1,0,12,0,N,1,2,4
130.06,1.85,38,V,61,0,0,0,7,3,0,N,0,1,2
84.77,1.62,32.3,M,47,0,0,3,8,1,0,N,0,1,1
111.56,1.67,40,M,43,0,0,5,0,0,0,N,2,3,3
118.81,1.78,37.5,V,34,0,0,3,1,0,0,N,1,3,4
49.6,1.66,18,V,37,10,0,3,22,9,0,N,1,3,2
108.9,1.65,40,M,18,60,24,0,12,3,2,N,2,3,1
60.26,1.8,18.6,V,19,0,0,0,8,12,0,N,2,4,3
83.13,1.72,28.1,V,49,0,5,0,13,0,2,N,3,4,4
85.23,1.79,26.6,V,18,0,13,1,8,1,0,N,1,2,2
106.28,1.63,40,M,36,0,16,5,0,0,0,N,1,3,4
83.16,1.63,31.3,M,35,0,0,1,5,8,0,N,2,1,0
121.1,1.74,40,V,45,50,2,3,0,0,0,N,2,3,1
108.9,1.65,40,M,52,0,0,3,0,4,0,N,1,0,1
82.98,1.68,29.4,M,59,0,0,0,11,7,0,N,2,4,4
115.6,1.7,40,V,62,150,7,0,0,1,0,N,0,3,3
112.9,1.68,40,V,65,0,0,0,0,9,0,N,3,4,4
130.27,1.83,38.9,V,36,0,0,0,0,0,0,N,1,1,2
108.9,1.65,40,M,40,40,0,2,0,8,0,N,1,3,2
124.69,1.77,39.8,V,62,0,0,0,6,0,0,S,3,4,4
110.59,1.77,35.3,V,64,0,0,3,10,8,0,N,0,0,0
126.74,1.78,40,V,33,50,0,0,13,5,0,N,2,2,2
103.46,1.7,35.8,M,36,0,0,0,0,2,0,N,2,2,4
104.86,1.67,37.6,V,43,0,0,1,4,1,0,S,1,0,0
83.68,1.59,33.1,M,32,0,1,4,5,5,2,N,2,3,2
70.33,1.73,23.5,V,22,0,0,6,11,0,0,N,1,0,0
106.28,1.63,40,V,75,70,0,0,0,0,NA,N,2,3,3
121.1,1.74,40,V,52,0,0,0,0,0,0,N,2,4,4
89.6,1.86,25.9,V,38,0,2,0,10,6,0,N,0,3,2
111.56,1.67,40,V,74,0,0,6,0,8,0,N,2,3,4
43.8,1.56,18,M,56,0,0,0,29,18,0,N,1,2,4
103.68,1.61,40,M,41,80,3,0,18,0,0,N,2,3,4
81.65,1.61,31.5,M,18,10,0,1,5,2,1,N,2,3,3
109.03,1.75,35.6,V,33,20,7,0,8,8,0,N,0,0,0
57.76,1.73,19.3,V,24,0,9,5,15,2,0,N,0,0,1
102.64,1.71,35.1,M,25,0,8,1,0,0,0,N,1,0,0
112.9,1.68,40,M,55,0,2,4,0,3,0,N,0,1,1
109.79,1.68,38.9,M,32,0,0,7,0,0,7,N,1,4,3
83.21,1.61,32.1,M,25,0,0,0,0,0,0,N,1,2,2
80.1,1.79,25,V,18,0,0,3,8,0,0,N,0,1,1
79.84,1.78,25.2,M,40,0,4,0,11,6,0,S,0,2,2
103.68,1.61,40,M,62,0,0,0,0,0,0,N,3,3,3
86.38,1.58,34.6,M,20,0,16,2,0,0,0,N,1,2,1
97.33,1.67,34.9,V,46,0,11,1,8,0,0,N,0,1,0
116.96,1.71,40,M,26,80,21,1,7,4,1,N,2,2,4
47.78,1.59,18.9,M,18,0,0,0,12,0,3,N,0,2,2
53.25,1.72,18,V,20,0,0,0,16,0,0,N,1,0,1
58.32,1.8,18,V,30,30,0,0,32,18,6,N,1,3,3
52.93,1.71,18.1,M,41,0,0,4,16,8,0,N,1,4,4
85.2,1.59,33.7,M,33,0,3,0,4,0,0,N,2,1,1
74.65,1.61,28.8,M,43,0,0,0,11,1,0,N,1,3,1
73.06,1.59,28.9,M,19,0,0,2,1,6,0,N,0,1,1
100.43,1.63,37.8,M,23,0,11,5,0,3,0,N,2,3,3
132.5,1.82,40,V,34,170,0,2,1,0,0,N,0,0,0
83.97,1.6,32.8,M,23,0,0,0,0,0,0,N,0,1,0
88.39,1.61,34.1,M,45,0,0,0,9,0,16,N,0,2,0
104.98,1.62,40,M,46,10,0,0,0,2,0,N,1,1,1
104.98,1.62,40,M,44,30,0,0,7,7,0,N,2,2,0
50.2,1.67,18,M,18,0,0,3,18,4,0,N,0,0,1
115.6,1.7,40,V,28,10,10,1,0,9,0,N,0,1,3
75.19,1.82,22.7,V,41,0,1,0,15,2,0,N,2,4,4
62.94,1.87,18,V,29,10,1,0,21,11,0,N,1,2,2
106.28,1.63,40,M,43,60,12,0,0,0,0,N,2,1,2
133.96,1.83,40,V,38,90,0,0,5,0,0,N,3,3,2
99.86,1.58,40,M,50,70,3,0,8,0,1,N,1,3,3
123.9,1.76,40,V,67,0,0,0,0,0,0,N,2,4,2
126.74,1.78,40,V,44,70,0,3,0,1,0,N,0,2,1
78.41,1.74,25.9,M,51,0,9,2,13,10,0,N,1,1,1
125.32,1.77,40,V,18,170,1,2,0,0,0,N,2,2,1
118.34,1.72,40,V,68,0,0,4,7,0,0,N,1,3,2
99.86,1.58,40,M,47,60,11,0,0,8,0,N,2,4,4
80.04,1.67,28.7,M,52,0,0,0,13,0,0,N,3,4,3
111.23,1.85,32.5,V,50,0,13,1,10,9,0,N,0,3,4
106.28,1.63,40,M,44,20,0,4,8,0,2,N,1,0,0
99.37,1.63,37.4,M,35,0,0,2,0,0,0,N,1,1,1
108.9,1.65,40,M,41,40,26,0,0,5,3,N,1,2,3
107.65,1.67,38.6,M,28,0,11,3,0,0,0,N,1,1,0
104.98,1.62,40,M,46,0,0,0,0,0,1,N,0,0,1
96.1,1.55,40,M,49,0,9,0,0,0,0,N,1,1,2
112.9,1.68,40,V,45,0,11,0,0,4,0,N,1,0,0
128.16,1.79,40,V,37,20,3,1,0,0,0,N,3,4,4
117.32,1.73,39.2,M,34,0,10,2,0,0,0,N,1,3,3
101.55,1.65,37.3,M,27,0,2,5,0,0,0,N,1,1,2
138.38,1.86,40,V,39,160,9,4,0,0,0,N,1,0,0
80.04,1.62,30.5,M,49,0,1,3,10,0,0,N,2,3,3
123.9,1.76,40,V,50,0,0,3,0,0,0,N,1,2,3
120.2,1.8,37.1,V,58,0,8,0,8,0,0,N,2,4,4
96.72,1.66,35.1,M,27,0,0,0,0,0,0,N,1,3,2
92.02,1.8,28.4,V,31,0,0,0,7,11,5,N,1,3,4
102.09,1.62,38.9,M,45,20,5,0,10,3,0,N,1,2,2
122.5,1.75,40,V,54,70,4,7,0,0,0,N,1,1,0
84.99,1.64,31.6,M,33,0,2,1,6,1,0,N,2,3,1
92.78,1.59,36.7,M,58,0,7,1,5,11,0,N,0,2,1
102.4,1.6,40,M,48,0,2,2,0,1,0,N,2,4,2
79.18,1.63,29.8,M,20,0,0,6,2,9,1,N,1,1,1
73.33,1.63,27.6,M,18,10,10,1,11,0,0,N,1,2,2
125.32,1.77,40,V,52,0,17,4,0,1,0,N,1,3,3
97.72,1.61,37.7,M,30,0,4,3,0,0,0,N,2,4,3
121.1,1.74,40,V,34,10,1,4,1,0,0,N,1,1,1
57.42,1.58,23,M,18,0,12,2,9,5,0,N,0,1,1
118.34,1.72,40,V,66,0,14,2,2,2,0,N,2,2,1
111.51,1.76,36,V,27,0,0,4,0,2,1,N,1,2,4
90.34,1.75,29.5,V,53,0,0,0,11,6,0,N,2,2,3
90.64,1.67,32.5,M,41,0,11,0,9,0,0,N,2,4,4
51.41,1.69,18,M,51,0,0,3,21,19,0,N,2,2,3
116.96,1.71,40,V,70,0,5,0,0,13,1,N,0,3,1
129.6,1.8,40,V,56,10,0,2,6,1,5,N,2,2,2
116.96,1.71,40,V,43,0,0,6,0,0,0,N,0,0,0
115.6,1.7,40,M,30,20,14,0,2,0,0,N,1,3,4
67.79,1.66,24.6,M,33,0,6,4,13,5,0,N,2,2,1
61.27,1.7,21.2,V,40,0,0,0,14,9,0,N,2,4,2
86.03,1.65,31.6,M,46,0,0,0,9,0,0,N,4,4,4
89.4,1.69,31.3,V,19,10,0,0,4,9,0,N,1,2,2
116.96,1.71,40,M,65,0,0,5,0,0,0,N,1,1,0
56.06,1.63,21.1,M,42,0,0,0,14,10,0,N,0,1,0
101.12,1.59,40,M,29,140,6,5,0,12,4,N,3,3,3
83.64,1.76,27,V,33,0,7,3,8,11,0,N,0,1,1
111.67,1.69,39.1,M,29,0,0,10,0,0,0,N,2,2,2
107.58,1.64,40,M,53,0,0,3,0,0,0,N,2,3,3
122.5,1.75,40,V,73,30,9,1,0,0,0,N,0,1,0
125.32,1.77,40,V,68,70,7,8,12,7,0,N,2,2,1
131.04,1.81,40,V,27,120,6,0,24,15,0,N,1,2,1
118.34,1.72,40,V,20,30,0,1,5,1,0,N,1,1,0
110.22,1.66,40,M,34,40,0,0,7,4,0,N,2,3,4
131.04,1.81,40,V,45,0,7,0,0,2,0,N,0,1,2
125.32,1.77,40,M,47,0,4,2,0,0,0,N,1,2,3
112.9,1.68,40,M,42,0,19,1,0,0,4,N,2,2,2
110.94,1.72,37.5,V,40,0,2,0,0,6,0,N,3,4,4
103.68,1.61,40,V,47,110,1,4,0,2,0,N,3,3,3
111.56,1.67,40,M,41,100,0,0,18,10,0,N,1,1,1
123.22,1.82,37.2,V,24,20,8,0,5,7,0,N,2,2,2
105.41,1.79,32.9,V,29,0,0,0,0,0,0,S,0,1,0
110.22,1.66,40,V,61,70,0,1,1,0,0,S,2,3,3
93.11,1.69,32.6,M,51,0,3,1,9,8,0,N,2,4,4
75.58,1.64,28.1,M,43,0,0,0,10,5,1,N,2,3,4
114.24,1.69,40,M,33,230,0,0,7,5,0,N,2,4,4
116.96,1.71,40,V,45,60,0,0,15,16,0,N,2,3,4
118.34,1.72,40,V,35,0,15,7,0,0,0,N,1,1,1
52.63,1.71,18,M,40,0,0,0,24,9,0,N,1,1,2
121.1,1.74,40,V,46,20,5,3,1,0,9,N,1,1,1
116.96,1.71,40,V,18,130,9,0,0,3,0,N,1,3,4
125.32,1.77,40,V,42,160,0,0,9,0,1,N,0,1,2
114.24,1.69,40,M,41,60,9,0,0,8,0,N,1,1,1
68.69,1.61,26.5,M,65,0,0,0,14,20,0,N,2,3,4
105.84,1.68,37.5,M,50,0,1,3,2,10,0,N,2,4,4
111.56,1.67,40,M,18,20,4,0,0,0,0,N,0,0,0
76.35,1.59,30.2,M,27,0,0,0,5,3,0,N,1,1,1
92.73,1.54,39.1,M,37,0,0,4,0,1,1,S,2,3,3
124.52,1.78,39.3,V,46,0,0,2,0,0,0,N,0,1,0
123.9,1.76,40,V,59,0,28,1,1,0,0,N,1,2,2
75.43,1.7,26.1,V,43,0,0,1,11,6,1,N,1,4,3
116.96,1.71,40,V,40,40,0,3,3,0,0,N,1,1,1
121.1,1.74,40,V,37,0,9,0,0,0,0,N,1,0,0
51.32,1.59,20.3,M,45,0,0,0,12,16,0,N,1,2,1
96.29,1.64,35.8,M,48,0,0,0,2,8,0,N,0,0,0
52.63,1.71,18,V,31,0,0,0,17,4,0,N,1,1,1
49,1.65,18,V,24,0,4,2,25,14,0,N,1,2,4
116.96,1.71,40,M,77,0,0,4,6,10,0,N,2,3,4
100.82,1.74,33.3,V,18,0,2,4,0,0,0,N,2,3,4
113.67,1.69,39.8,M,36,0,0,6,0,0,3,N,0,1,1
90.11,1.66,32.7,M,48,0,8,0,8,7,0,S,2,3,3
110.22,1.66,40,V,55,0,9,4,0,0,0,N,1,3,4
106.28,1.63,40,M,49,0,0,0,0,0,0,N,1,2,1
121.1,1.74,40,V,45,30,14,0,9,7,0,N,1,2,2
114.84,1.75,37.5,V,44,0,0,0,2,0,1,N,2,4,4
106.27,1.8,32.8,V,27,0,8,0,1,4,0,N,1,1,1
116.96,1.71,40,V,63,0,0,0,0,0,0,N,2,2,2
121.1,1.74,40,V,40,20,0,0,2,0,2,N,1,1,2
48.41,1.64,18,V,61,0,12,0,28,20,2,N,1,3,4
128.16,1.79,40,V,39,70,0,5,0,5,12,N,0,1,0
108.08,1.65,39.7,M,42,0,13,1,1,4,0,N,0,1,1
58.97,1.81,18,V,33,0,0,1,25,27,0,N,2,4,4
55.76,1.76,18,V,39,0,5,0,26,8,0,N,1,3,2
111.56,1.67,40,V,29,20,0,0,0,0,0,N,2,2,3
123.12,1.8,38,V,18,10,10,0,0,3,0,S,0,1,2
93.68,1.69,32.8,M,35,20,2,1,14,3,0,N,3,3,3
105.09,1.65,38.6,M,39,20,1,0,8,2,0,N,2,2,0
93.7,1.68,33.2,M,33,0,13,3,5,3,0,N,1,2,3
78.89,1.58,31.6,M,69,0,3,3,17,2,NA,N,1,2,3
78.74,1.68,27.9,M,20,0,0,0,3,8,1,N,1,3,3
66.7,1.65,24.5,M,54,0,0,0,16,4,0,N,1,2,1
77.16,1.62,29.4,M,21,0,4,4,5,1,0,N,0,3,3
53.27,1.67,19.1,V,18,0,4,0,13,5,0,N,2,2,4
114.24,1.69,40,M,43,80,0,0,3,5,0,N,2,3,2
112.16,1.77,35.8,V,25,0,5,6,0,0,0,N,1,2,2
79.58,1.72,26.9,V,43,20,0,4,19,11,0,N,2,4,3
115.6,1.7,40,V,58,0,1,0,0,0,0,N,3,2,3
108.41,1.75,35.4,V,38,0,0,0,1,8,1,N,1,4,4
116.96,1.71,40,V,55,0,0,0,0,8,0,N,0,1,1
49,1.65,18,M,19,10,3,0,25,15,0,N,1,2,0
83.21,1.61,32.1,M,43,0,20,0,8,9,0,N,3,3,2
111.56,1.67,40,M,54,120,0,9,4,8,0,N,1,1,1
108.9,1.65,40,M,46,80,5,2,0,8,0,N,1,2,0
114.24,1.69,40,V,31,90,19,0,5,6,0,N,2,3,3
125.32,1.77,40,V,43,40,23,0,9,3,0,N,0,3,3
114.24,1.69,40,V,53,0,14,5,4,0,0,N,2,2,1
133.39,1.84,39.4,V,48,0,15,0,4,5,0,N,2,3,4
114.24,1.69,40,V,22,70,9,2,0,2,0,N,1,2,0
74.8,1.62,28.5,M,20,0,2,0,5,0,0,N,1,2,1
104.64,1.77,33.4,V,26,20,0,6,10,0,0,N,1,4,4
113.13,1.73,37.8,V,54,0,7,0,5,0,0,N,0,0,0
98.85,1.78,31.2,V,28,0,0,0,0,3,0,S,0,1,2
106.28,1.63,40,M,43,80,8,4,18,9,0,N,3,2,3
49,1.65,18,M,47,0,2,2,20,16,0,N,4,4,4
54.77,1.73,18.3,V,18,0,27,3,15,10,0,N,1,1,1
87.66,1.65,32.2,M,45,0,31,0,13,7,1,N,3,4,4
112.9,1.68,40,M,65,0,1,1,0,0,0,N,3,4,4
58,1.62,22.1,M,48,0,0,0,16,4,2,N,1,1,1
66.38,1.67,23.8,V,18,0,11,4,9,6,0,N,0,0,0
126.74,1.78,40,V,39,0,6,2,0,0,0,N,1,3,2
138.38,1.86,40,V,45,0,11,0,0,4,0,N,0,0,0
108.48,1.71,37.1,V,31,0,0,2,0,0,0,N,2,2,3
90.87,1.58,36.4,M,27,0,0,0,0,0,0,N,1,1,2
111.56,1.67,40,M,41,20,14,5,2,0,4,N,1,3,3
121.1,1.74,40,M,18,140,5,6,2,8,0,N,0,0,0
98.47,1.73,32.9,V,47,0,1,0,5,1,0,N,0,2,2
104.98,1.62,40,M,43,0,0,3,0,5,0,N,3,4,4
92.03,1.67,33,V,23,0,2,0,0,3,0,N,2,2,2
104.98,1.62,40,M,51,0,6,0,0,3,1,N,2,4,4
91.23,1.71,31.2,M,55,0,12,2,14,5,0,N,3,4,4
118.34,1.72,40,M,49,80,0,4,1,3,0,N,1,2,3
119.72,1.73,40,V,18,150,11,0,10,4,0,N,1,4,4
88.03,1.77,28.1,V,48,0,0,6,13,2,0,N,1,3,2
87.09,1.77,27.8,V,71,0,0,0,12,11,0,S,1,4,3
126.74,1.78,40,V,30,270,0,2,0,0,8,N,2,3,2
108.9,1.65,40,M,51,0,1,5,0,7,0,N,0,1,1
116.96,1.71,40,V,48,0,0,6,1,0,0,N,0,1,2
100.3,1.66,36.4,M,23,0,15,0,0,0,0,N,0,0,1
115.6,1.7,40,V,53,140,0,0,0,0,0,N,2,3,1
93.64,1.53,40,M,51,0,2,2,0,0,0,N,0,0,0
98.44,1.64,36.6,M,41,0,7,0,4,0,0,N,0,0,0
125.32,1.77,40,V,51,130,0,0,13,8,0,N,0,1,0
97.51,1.63,36.7,M,26,0,0,6,0,8,5,S,1,2,2
110.44,1.73,36.9,V,32,0,9,0,1,0,0,N,0,2,0
112.9,1.68,40,V,64,0,6,0,0,2,0,N,1,3,4
85.25,1.7,29.5,M,23,0,1,4,6,0,4,N,1,1,0
43.25,1.55,18,M,49,0,6,1,21,7,NA,N,0,0,0
103.7,1.77,33.1,V,20,0,8,0,0,0,0,N,3,4,4
97.39,1.69,34.1,V,50,0,1,0,9,9,5,N,1,2,1
89.47,1.68,31.7,V,18,0,0,4,0,8,0,N,2,2,3
111.56,1.67,40,M,21,20,0,0,0,0,0,N,1,1,1
107.65,1.67,38.6,V,34,0,4,3,0,2,0,N,0,2,3
129.6,1.8,40,V,49,0,3,0,0,0,1,N,0,3,2
74.83,1.59,29.6,M,61,0,0,3,14,4,0,S,0,2,3
106.28,1.63,40,M,60,0,0,4,0,5,5,N,1,2,2
54.92,1.58,22,M,25,0,0,0,11,0,0,N,0,2,2
126.74,1.78,40,V,18,90,21,4,3,4,0,N,1,2,3
104.15,1.63,39.2,M,54,0,15,1,5,4,0,N,1,3,3
58.32,1.8,18,V,28,0,3,2,18,17,1,N,0,0,1
109.3,1.74,36.1,V,22,0,4,6,0,0,0,N,0,2,1
75.72,1.63,28.5,M,27,0,23,0,10,9,2,N,2,4,4
105.1,1.69,36.8,V,23,0,6,8,0,0,0,N,0,1,0
125.32,1.77,40,V,19,20,3,5,0,0,0,N,0,1,2
108.9,1.65,40,M,25,50,0,0,11,6,0,N,0,2,0
111.56,1.67,40,M,68,0,13,7,0,0,0,N,0,2,1
122.5,1.75,40,V,18,60,0,6,6,0,0,N,1,2,2
68.58,1.64,25.5,M,24,0,0,2,5,8,0,S,2,3,4
114.24,1.69,40,V,39,0,16,2,4,0,9,N,1,3,3
110.64,1.68,39.2,V,53,0,5,1,3,1,0,N,2,3,4
105.36,1.74,34.8,V,18,0,4,5,0,0,0,N,1,2,1
65.58,1.61,25.3,M,42,0,0,0,9,10,0,N,2,2,1
107.58,1.64,40,M,57,0,2,0,0,0,0,N,1,0,0
118.34,1.72,40,V,57,70,0,2,0,10,0,N,1,2,2
70.54,1.66,25.6,V,22,0,14,0,7,9,0,N,1,1,2
64.74,1.7,22.4,M,21,0,3,0,11,1,0,N,1,3,4
69.35,1.63,26.1,M,51,0,0,0,14,2,0,N,1,4,4
80.96,1.55,33.7,M,41,0,6,5,6,8,0,N,2,3,4
111.56,1.67,40,M,25,20,0,3,2,0,2,N,2,3,3
92.34,1.74,30.5,V,48,0,14,5,13,0,4,N,0,2,2
121.1,1.74,40,M,65,0,15,4,3,6,0,N,3,3,1
111.56,1.67,40,M,28,10,0,6,0,0,0,N,1,1,2
107.58,1.64,40,M,31,150,0,1,3,0,0,N,0,1,1
122.5,1.75,40,M,54,0,0,0,0,0,0,N,2,3,3
119.72,1.73,40,V,46,0,0,0,0,2,0,N,2,3,3
42.14,1.53,18,M,35,0,0,0,18,13,0,N,2,3,4
98.6,1.57,40,M,50,0,22,3,0,5,2,N,2,2,3
115.6,1.7,40,V,57,40,9,0,0,0,0,N,1,4,4
90.94,1.71,31.1,V,45,0,0,4,8,3,0,N,0,2,0
83.95,1.67,30.1,M,23,0,4,0,5,0,3,N,1,3,3
72.42,1.65,26.6,M,66,0,39,0,27,5,3,N,3,4,4
97.34,1.56,40,M,49,0,0,1,0,0,0,N,2,3,2
109.23,1.68,38.7,M,26,10,27,0,5,3,0,N,0,2,3
116.96,1.71,40,V,58,100,5,0,0,0,0,N,1,3,3
115.6,1.7,40,M,23,80,0,0,19,13,1,N,2,2,1
112.9,1.68,40,M,41,60,17,0,14,4,0,N,1,2,3
111.56,1.67,40,M,55,30,0,0,10,8,0,N,0,2,3
51.41,1.69,18,M,20,0,6,0,27,9,0,N,1,2,2
97.34,1.56,40,M,39,50,12,4,0,0,0,N,1,1,2
116.96,1.71,40,V,82,0,5,0,0,5,0,N,2,3,2
125.32,1.77,40,V,50,20,4,0,7,4,0,N,0,3,4
129.28,1.8,39.9,V,40,0,20,0,3,3,0,N,1,2,3
116.96,1.71,40,M,54,30,0,0,14,6,1,N,0,1,1
76.3,1.74,25.2,V,29,0,20,1,9,17,0,N,1,0,1
125.32,1.77,40,V,34,80,8,0,27,9,0,N,2,1,0
120.72,1.78,38.1,V,36,0,0,2,0,3,2,N,2,3,4
67.79,1.66,24.6,M,43,0,0,0,13,4,0,N,2,4,4
97.34,1.56,40,M,47,70,16,0,23,12,0,N,2,1,0
73.37,1.72,24.8,M,18,0,4,0,6,0,0,N,0,2,0
125.32,1.77,40,V,50,0,2,7,0,0,0,N,1,2,2
49.6,1.66,18,M,35,0,0,0,20,15,0,N,2,4,3
132.5,1.82,40,V,49,170,2,3,19,4,0,N,0,1,1
121.03,1.78,38.2,V,91,0,0,0,12,5,0,N,1,2,3
114.24,1.69,40,M,40,70,4,0,8,11,0,N,1,3,3
115.93,1.82,35,V,28,0,0,0,0,1,0,N,1,1,0
116.42,1.73,38.9,V,35,0,0,4,0,0,0,N,2,2,1
122.5,1.75,40,M,40,90,7,2,0,1,0,N,1,1,2
80.47,1.72,27.2,M,48,0,0,7,10,14,0,N,1,3,1
87.78,1.82,26.5,V,39,0,0,1,9,0,0,N,0,2,1
100.76,1.8,31.1,V,52,0,0,1,13,1,0,N,2,3,4
128.16,1.79,40,V,40,50,0,0,6,1,0,N,1,3,3
105.27,1.71,36,V,41,0,0,3,2,4,0,S,2,2,1
101.12,1.6,39.5,M,42,0,0,3,0,1,0,N,2,4,2
52.63,1.71,18,M,24,0,11,0,13,18,0,N,0,1,2
91.65,1.6,35.8,M,34,0,0,0,0,2,0,N,2,4,4
121.1,1.74,40,V,18,60,0,2,0,0,0,N,2,1,0
60.4,1.68,21.4,V,49,0,0,0,17,3,0,N,1,1,1
103.68,1.61,40,M,48,50,0,1,4,3,0,N,1,0,0
78.36,1.83,23.4,V,54,0,0,0,17,1,0,N,0,2,3
75.95,1.75,24.8,V,39,0,17,0,12,15,0,N,1,1,1
50.8,1.68,18,V,18,0,0,0,19,11,3,S,1,1,2
109.51,1.68,38.8,M,38,0,1,0,0,1,0,N,0,2,2
112.9,1.68,40,V,48,50,0,6,14,13,0,N,0,0,2
90.95,1.57,36.9,M,36,0,5,5,0,11,0,N,3,3,4
90.34,1.75,29.5,V,34,20,0,5,13,16,0,N,0,1,2
52.15,1.67,18.7,M,57,0,5,1,22,9,0,N,2,3,3
106.28,1.63,40,M,77,50,0,4,0,0,0,N,3,4,4
122.5,1.75,40,V,48,0,11,0,0,0,0,N,0,2,1
117.45,1.72,39.7,M,33,0,7,5,0,2,0,N,1,1,0
103.68,1.61,40,M,22,150,0,0,7,5,0,N,3,3,3
108.9,1.65,40,M,54,0,0,0,0,6,5,N,2,3,1
96.82,1.69,33.9,V,23,0,0,0,0,0,0,N,0,1,0
111.56,1.67,40,M,61,90,4,0,1,5,0,N,2,4,2
132.5,1.82,40,V,60,90,3,0,4,14,0,N,3,3,2
123.9,1.76,40,V,48,0,0,0,0,0,0,N,1,3,1
50.2,1.67,18,M,44,0,0,0,27,21,0,N,1,0,1
91.98,1.64,34.2,M,49,0,0,5,6,11,0,N,0,1,1
79.18,1.63,29.8,M,42,0,17,1,10,6,0,N,1,1,0
111.56,1.67,40,V,44,30,24,0,0,2,0,N,0,2,2
113.58,1.7,39.3,M,58,0,4,0,5,1,0,N,1,2,2
118.34,1.72,40,M,48,0,0,0,0,0,0,N,0,1,1
95.69,1.78,30.2,V,39,0,11,0,8,6,0,N,2,3,3
131.04,1.81,40,V,56,50,5,0,0,0,1,N,2,3,2
104.98,1.62,40,M,47,30,0,0,6,0,0,N,1,1,3
121.1,1.74,40,V,74,180,0,0,3,6,0,N,1,2,2
89.69,1.61,34.6,M,28,0,8,0,0,5,0,N,1,0,0
103.82,1.75,33.9,V,18,0,0,0,0,0,0,N,2,2,3
107.58,1.64,40,M,43,20,0,0,4,0,0,N,1,2,3
114.24,1.69,40,V,45,60,0,6,0,3,0,N,3,4,2
107.58,1.64,40,M,57,0,6,0,3,5,3,S,1,3,2
122.5,1.75,40,V,56,0,0,0,0,2,0,N,1,3,3
103.15,1.76,33.3,V,32,0,19,2,7,0,0,N,2,3,2
122.5,1.75,40,M,45,0,0,1,0,0,0,N,3,3,3
110.64,1.68,39.2,M,50,0,1,0,1,4,0,N,0,2,3
107.58,1.64,40,M,69,0,0,0,3,4,0,N,3,4,4
58.36,1.64,21.7,M,60,0,3,0,19,16,0,N,2,3,3
69.54,1.86,20.1,V,18,0,11,5,14,2,0,N,1,1,3
89.86,1.6,35.1,M,19,0,3,5,0,0,4,N,2,1,1
73.36,1.61,28.3,M,47,0,5,1,11,14,0,N,1,3,4
116.96,1.71,40,V,65,20,0,3,0,1,0,N,1,2,0
52.27,1.65,19.2,M,56,0,0,1,20,17,1,N,1,2,3
95.91,1.63,36.1,M,42,0,7,4,7,0,0,S,2,2,1
97.61,1.57,39.6,M,55,0,2,0,4,4,1,N,1,2,3
60.82,1.71,20.8,M,27,0,0,0,13,0,0,N,1,3,2
106.28,1.63,40,M,52,70,4,0,14,6,0,N,0,1,1
110.22,1.66,40,M,34,20,14,2,5,5,0,S,1,2,0
128.16,1.79,40,V,40,0,17,0,0,0,0,N,1,3,2
93.15,1.67,33.4,M,18,0,0,4,0,2,0,S,2,3,4
111.56,1.67,40,M,45,0,0,2,0,0,0,N,1,2,2
107.58,1.64,40,M,32,120,6,0,0,11,0,S,1,3,3
46.08,1.6,18,M,41,0,19,2,23,14,NA,N,0,0,0
75.43,1.7,26.1,M,34,0,0,0,9,0,0,N,1,4,4
99.96,1.69,35,V,36,0,13,0,3,5,0,N,1,2,3
129.6,1.8,40,V,24,110,4,1,4,1,2,N,0,1,1
117.86,1.78,37.2,V,81,0,0,0,13,2,0,N,2,3,1
117.55,1.78,37.1,V,25,0,16,3,0,0,0,N,1,1,0
113.75,1.79,35.5,V,43,0,0,0,3,4,0,N,1,2,3
112.9,1.68,40,M,53,50,0,0,9,4,4,N,1,2,2
104.98,1.62,40,M,56,0,0,0,1,2,0,S,2,1,2
93.39,1.69,32.7,M,18,0,0,2,0,1,0,N,1,4,3
111.56,1.67,40,V,50,20,0,2,1,4,0,N,0,2,2
125.32,1.77,40,V,38,80,17,3,4,0,0,N,1,1,1
123.9,1.76,40,V,52,0,5,3,0,0,0,N,1,2,2
93.78,1.84,27.7,V,36,10,21,1,13,18,0,N,0,0,0
81.66,1.6,31.9,M,18,0,2,2,0,10,0,N,3,3,3
121.1,1.74,40,V,44,0,12,0,0,0,0,N,1,3,3
107.09,1.78,33.8,V,53,0,0,0,8,4,0,S,2,2,2
107.58,1.64,40,M,46,70,5,2,7,9,0,N,0,1,1
113.37,1.76,36.6,V,35,0,7,0,0,5,0,N,0,3,3
91.11,1.69,31.9,V,41,0,0,1,6,2,0,N,0,0,2
109.6,1.67,39.3,M,53,50,1,0,22,15,0,N,1,3,1
99.33,1.6,38.8,M,35,0,2,3,0,3,0,N,1,2,3
72.71,1.57,29.5,M,42,0,4,0,10,0,0,N,2,4,4
116.96,1.71,40,V,21,40,0,4,0,8,0,N,0,1,3
112.9,1.68,40,M,45,180,2,6,7,2,7,N,1,1,0
76.61,1.71,26.2,V,48,0,0,3,13,12,0,S,2,2,0
123.9,1.76,40,V,46,0,0,5,0,0,0,N,1,2,4
58.84,1.69,20.6,M,29,0,0,0,10,9,1,N,1,3,2
103.85,1.73,34.7,V,24,0,0,0,0,0,0,N,0,1,1
67.25,1.65,24.7,M,52,0,0,3,16,1,0,N,1,3,4
116.96,1.71,40,M,18,40,0,3,0,0,0,N,0,2,2
67.4,1.58,27,M,44,0,0,0,10,4,0,N,2,4,2
110.22,1.66,40,V,37,40,0,2,8,2,1,N,3,4,4
106.28,1.63,40,M,64,0,0,1,0,0,0,N,2,4,4
110.22,1.66,40,M,40,0,10,1,0,2,0,N,1,2,1
71.47,1.63,26.9,M,47,0,0,3,14,3,0,N,1,0,1
118.34,1.72,40,V,56,0,18,0,0,0,0,N,1,2,0
72.05,1.59,28.5,M,38,0,0,1,9,1,0,N,1,1,0
103.68,1.61,40,M,62,0,0,5,0,2,0,N,1,2,4
102.4,1.6,40,M,55,10,0,3,0,0,0,N,1,4,3
97.89,1.67,35.1,M,37,0,0,1,0,4,0,N,1,4,4
131.04,1.81,40,V,36,170,11,0,6,1,0,N,1,2,1
118.74,1.77,37.9,V,28,20,4,2,8,1,0,N,1,2,1
129.6,1.8,40,V,46,100,4,0,1,1,5,N,0,1,1
43.25,1.55,18,M,19,0,0,0,14,5,0,S,2,2,2
112.9,1.68,40,V,69,0,9,1,0,7,0,S,1,2,2
108.9,1.65,40,M,36,70,24,7,8,4,0,N,1,3,4
115.6,1.7,40,M,43,0,0,5,0,0,0,N,1,2,2
126.74,1.78,40,V,43,0,0,0,0,0,5,S,1,2,2
125.32,1.77,40,V,41,0,12,0,0,0,0,N,2,2,3
118.34,1.72,40,V,24,30,17,0,0,0,0,N,2,4,4
123.9,1.76,40,M,48,0,0,0,0,0,0,S,1,2,2
89.62,1.74,29.6,V,18,0,8,4,4,4,0,N,2,4,4
96.61,1.58,38.7,M,45,0,0,0,0,4,0,N,1,2,2
107.58,1.64,40,M,50,10,1,2,0,4,0,N,2,3,4
99.1,1.63,37.3,M,43,0,0,2,4,0,0,N,1,1,0
136.9,1.85,40,V,57,40,11,0,0,3,0,N,1,2,2
114.38,1.78,36.1,V,38,0,10,0,3,0,0,N,1,4,3
107.09,1.67,38.4,M,22,0,13,5,0,2,0,N,2,3,3
99.47,1.8,30.7,V,32,0,17,0,7,0,0,N,2,3,3
79.06,1.61,30.5,M,18,0,0,5,4,5,6,N,0,2,1
104.98,1.62,40,M,28,160,0,1,0,0,6,N,0,3,3
87.35,1.61,33.7,M,31,0,5,0,4,0,0,N,1,2,1
102.25,1.69,35.8,M,46,0,0,3,5,3,0,N,0,2,2
102.36,1.73,34.2,V,25,0,0,0,0,0,0,N,0,0,0
108.9,1.65,40,M,49,0,25,4,0,0,0,N,1,1,0
49,1.65,18,M,50,0,4,0,25,14,0,N,0,1,0
122.5,1.75,40,V,48,40,9,0,4,2,0,N,1,3,3
95.64,1.56,39.3,M,68,0,17,0,10,7,0,N,2,1,1
123.9,1.76,40,V,63,10,0,0,0,0,3,N,1,1,3
105.7,1.67,37.9,M,42,0,7,1,3,0,0,N,3,4,4
63.96,1.59,25.3,M,27,0,18,0,9,7,0,N,1,3,3
114.24,1.69,40,V,59,0,1,8,0,0,0,N,3,3,4
107.58,1.64,40,M,53,0,7,0,0,3,0,N,1,2,1
111.56,1.67,40,M,61,90,0,0,1,9,0,N,2,2,3
88.83,1.6,34.7,M,56,0,0,1,9,0,0,N,2,3,3
50.29,1.61,19.4,M,39,0,3,3,17,9,0,N,2,2,2
69.16,1.67,24.8,V,57,0,1,3,18,8,0,N,2,2,3
100.82,1.74,33.3,M,18,0,21,1,3,0,0,N,0,2,2
73.07,1.72,24.7,V,69,0,5,0,20,13,0,N,1,1,1
116.96,1.71,40,M,30,30,0,0,0,0,0,N,0,0,0
126.74,1.78,40,V,65,80,9,0,2,0,4,N,2,1,1
88.62,1.68,31.4,M,54,0,2,0,9,11,0,N,0,2,3
103.68,1.61,40,M,48,110,0,5,3,0,1,N,2,1,1
110.22,1.66,40,M,51,70,0,3,6,7,0,N,1,1,1
121.1,1.74,40,V,46,50,4,1,0,1,0,N,1,1,1
99.91,1.68,35.4,M,54,0,13,6,9,5,0,N,2,3,3
59.96,1.67,21.5,V,35,0,4,5,15,7,0,N,1,1,2
103.73,1.65,38.1,M,34,0,17,6,4,0,0,N,2,4,4
101.41,1.66,36.8,M,32,0,3,1,0,3,0,N,1,2,4
108.9,1.65,40,M,39,190,0,0,3,0,0,N,2,1,2
107.09,1.67,38.4,M,50,0,0,0,3,0,0,N,1,2,2
119.72,1.73,40,V,63,0,0,4,2,0,0,N,0,0,1
122.5,1.75,40,V,30,0,15,2,0,0,0,N,0,0,1
89.83,1.64,33.4,M,37,10,1,2,10,1,0,N,3,4,4
128.16,1.79,40,V,40,220,11,5,0,2,0,N,0,1,2
112.87,1.71,38.6,M,44,30,1,2,13,5,0,N,0,0,0
108.65,1.82,32.8,V,61,0,0,3,10,8,0,N,2,3,4
120.19,1.84,35.5,V,43,0,0,5,5,6,0,N,1,1,1
112.9,1.68,40,V,21,60,2,2,3,0,0,N,0,2,1
103.68,1.61,40,M,50,0,10,3,0,2,0,N,1,2,2
69.44,1.73,23.2,V,54,0,13,0,18,10,0,N,1,3,3
96.61,1.56,39.7,M,45,0,5,1,0,3,0,N,1,3,3
125.32,1.77,40,M,50,20,0,3,0,0,0,N,1,2,3
94.21,1.6,36.8,M,35,0,0,3,0,0,0,N,0,2,3
122.5,1.75,40,V,52,0,6,3,0,0,7,N,1,0,0
96.07,1.73,32.1,V,18,0,0,0,0,0,0,N,2,3,2
103.68,1.61,40,M,65,0,4,2,2,0,0,N,1,3,3
99.53,1.75,32.5,V,55,0,1,0,10,0,0,N,0,0,1
126.74,1.78,40,V,76,0,4,0,0,6,1,N,2,2,2
112.9,1.68,40,V,76,150,0,0,14,1,0,N,1,3,3
98.5,1.76,31.8,V,43,0,0,3,9,0,0,N,2,2,2
115.6,1.7,40,M,59,50,0,1,23,18,0,N,3,4,4
111.56,1.67,40,V,37,90,3,0,2,0,0,N,0,1,1
105.58,1.77,33.7,V,18,0,2,9,0,0,0,N,1,0,1
114.24,1.69,40,V,35,50,0,4,0,2,0,N,2,3,3
63.87,1.67,22.9,V,33,0,3,0,11,2,0,N,1,2,2
87.97,1.69,30.8,V,54,0,5,0,10,6,0,N,1,3,4
103.51,1.75,33.8,V,36,0,9,0,7,2,0,S,0,0,1
48.41,1.64,18,M,48,0,0,1,26,11,0,N,1,3,3
122.5,1.75,40,V,62,110,0,0,0,3,0,N,3,4,3
113.4,1.8,35,V,31,0,0,0,0,0,0,N,2,2,2
51.41,1.69,18,M,53,0,0,0,22,13,0,N,1,2,2
106.97,1.68,37.9,V,32,0,10,0,0,4,0,N,0,0,1
96.79,1.71,33.1,V,18,0,0,2,0,2,0,N,0,1,0
104.98,1.62,40,M,45,0,0,1,0,0,0,N,1,2,1
126.74,1.78,40,V,62,0,0,1,5,0,0,N,1,0,0
106.28,1.63,40,M,66,60,0,3,4,0,13,N,2,2,3
97.1,1.62,37,M,20,0,17,8,1,0,0,N,2,2,2
115.6,1.7,40,M,41,30,0,3,6,5,0,N,0,1,1
106.28,1.63,40,M,36,70,8,3,0,3,0,N,0,0,0
132.5,1.82,40,V,58,0,10,0,2,0,0,N,2,3,4
111.56,1.67,40,M,66,20,0,7,5,7,0,N,0,1,2
97.97,1.7,33.9,V,36,0,0,7,7,0,4,N,1,1,0
121.1,1.74,40,M,49,0,5,3,0,0,3,N,1,2,3
98.5,1.68,34.9,M,50,0,3,0,4,6,0,N,0,0,1
52.63,1.71,18,M,18,0,0,0,14,15,0,S,1,2,1
61.95,1.73,20.7,M,34,0,0,4,12,12,0,N,2,3,3
42.69,1.54,18,M,18,0,11,2,24,10,0,N,1,1,0
59.62,1.82,18,V,18,0,3,0,14,0,0,N,0,1,0
123.9,1.76,40,V,52,0,18,1,0,0,1,S,0,1,0
107.74,1.73,36,M,39,20,0,5,10,10,0,N,2,4,4
98.25,1.69,34.4,V,28,0,2,2,0,3,1,N,0,1,1
70.34,1.78,22.2,V,30,0,4,0,9,13,0,N,0,3,2
89.01,1.7,30.8,V,54,0,0,0,9,5,2,N,1,4,4
115.6,1.7,40,M,28,110,1,4,0,0,0,N,2,3,4
108.9,1.65,40,V,24,70,7,4,0,4,5,N,2,2,2
123.9,1.76,40,V,75,0,0,1,4,1,2,N,2,3,4
128.16,1.79,40,V,47,0,0,2,0,5,0,N,2,3,3
75.26,1.6,29.4,M,19,0,2,2,3,1,0,N,3,4,4
105.32,1.72,35.6,M,32,0,0,1,0,6,0,N,1,1,2
125.32,1.77,40,V,45,20,9,0,0,4,0,N,0,3,3
115.6,1.7,40,M,53,0,7,0,0,14,0,N,0,1,2
104.98,1.8,32.4,V,61,0,0,3,7,18,0,N,0,3,3
85.83,1.81,26.2,V,47,0,0,0,12,9,1,N,1,3,3
92.64,1.62,35.3,M,42,0,0,0,4,5,0,N,3,1,0
74.42,1.75,24.3,V,25,0,0,4,11,0,0,N,2,4,4
71.33,1.83,21.3,V,47,0,0,4,14,18,0,N,1,1,1
131.04,1.81,40,V,28,200,0,0,3,0,2,N,0,0,0
102.88,1.7,35.6,M,58,0,0,2,8,0,0,N,2,4,4
108.9,1.65,40,M,34,90,1,0,15,12,6,N,1,3,2
98.61,1.75,32.2,V,43,0,0,0,6,7,0,N,2,2,3
116.64,1.8,36,V,21,0,10,6,0,1,0,N,2,2,1
46.66,1.61,18,M,23,0,5,0,21,16,0,N,1,2,3
115.6,1.7,40,M,34,70,14,0,11,9,3,N,0,1,3
57.67,1.79,18,V,34,0,0,1,20,5,1,S,1,2,3
101.32,1.68,35.9,M,28,0,0,1,0,0,0,N,0,0,0
126.74,1.78,40,V,71,40,0,2,10,9,0,N,3,3,3
92.73,1.63,34.9,M,18,0,3,6,0,3,0,N,2,3,1
119.72,1.73,40,V,37,30,0,2,0,7,1,N,3,4,4
123.9,1.76,40,V,48,50,0,1,6,2,3,N,3,3,4
62.62,1.65,23,V,29,0,4,0,10,7,0,N,0,0,0
106.81,1.67,38.3,V,37,0,2,2,0,0,0,N,1,2,1
86.81,1.78,27.4,V,39,0,0,0,10,0,0,N,2,2,2
119.12,1.73,39.8,V,42,0,18,4,2,7,0,N,0,0,1
111.56,1.67,40,M,28,90,5,2,12,13,0,N,1,1,2
123.9,1.76,40,V,53,0,0,6,0,0,0,N,2,3,3
100.32,1.64,37.3,M,37,0,7,0,0,8,1,N,3,4,4
103.68,1.61,40,M,18,240,0,1,3,1,1,S,0,1,1
54.73,1.72,18.5,V,42,0,11,1,18,6,0,N,1,2,2
123.9,1.76,40,M,69,0,2,2,0,10,0,N,1,3,4
133.96,1.83,40,V,42,0,9,3,2,0,0,N,0,2,0
104.98,1.62,40,M,54,10,15,2,2,0,0,S,3,4,4
95.12,1.63,35.8,M,29,0,7,0,0,3,0,N,3,3,2
82.43,1.61,31.8,M,38,0,0,0,5,6,0,N,0,0,0
98.37,1.79,30.7,V,24,40,1,0,17,22,4,N,2,4,2
83.3,1.75,27.2,V,47,0,0,0,12,0,4,S,1,3,3
110.22,1.66,40,M,30,20,0,6,0,6,0,N,0,2,1
121.1,1.74,40,V,43,110,11,2,11,2,0,N,3,4,4
62.34,1.77,19.9,M,56,0,1,5,24,0,0,N,2,3,2
107.58,1.64,40,M,42,30,3,0,9,0,5,N,2,4,4
106.28,1.63,40,M,46,0,0,0,0,2,0,N,1,0,0
54.5,1.74,18,V,18,0,3,0,22,4,0,N,2,3,4
76.2,1.76,24.6,V,28,0,1,0,10,2,0,N,2,4,3
92.31,1.67,33.1,M,36,0,2,6,5,7,0,S,2,1,2
96.1,1.55,40,M,68,0,6,4,1,0,0,N,0,0,0
80.63,1.54,34,M,19,0,10,0,0,0,0,N,2,2,2
105.85,1.71,36.2,M,42,0,11,2,4,2,0,N,1,2,3
112.9,1.68,40,M,65,240,20,2,0,0,4,N,2,4,4
125.32,1.77,40,V,53,20,0,0,0,0,0,N,2,2,2
111.56,1.67,40,M,73,0,11,0,0,0,0,N,1,3,4
106.28,1.63,40,M,57,0,0,0,0,10,0,N,0,0,1
112.9,1.68,40,M,59,0,1,0,4,0,0,N,3,4,4
112.9,1.68,40,M,73,30,11,1,21,7,0,N,3,4,4
126.74,1.78,40,V,49,50,0,1,0,0,0,N,1,3,3
73.22,1.62,27.9,M,49,0,4,4,14,3,0,N,2,3,3
122.5,1.75,40,V,42,70,0,0,0,0,0,N,1,3,4
118.16,1.84,34.9,V,34,0,0,2,0,9,0,N,0,0,0
122.5,1.75,40,V,49,0,1,0,0,0,0,N,1,1,2
65.54,1.73,21.9,V,40,0,13,0,14,12,0,N,2,4,4
116.96,1.71,40,M,65,0,23,0,0,0,3,N,0,1,1
43.25,1.55,18,M,34,0,0,2,22,10,0,N,2,3,4
126.74,1.78,40,V,43,30,11,1,14,5,0,N,2,2,2
123.9,1.76,40,V,66,20,0,2,2,0,0,N,1,3,3
66.74,1.59,26.4,M,51,0,0,0,14,4,0,N,0,0,1
115.6,1.7,40,V,42,100,6,2,12,4,0,S,1,2,1
107.81,1.65,39.6,M,54,0,12,0,8,0,0,N,1,1,2
103.68,1.61,40,M,42,0,0,1,0,0,5,N,1,1,0
118.34,1.72,40,M,48,60,0,4,0,0,0,N,3,3,3
99.02,1.61,38.2,M,32,0,0,5,0,0,0,N,3,3,4
132.5,1.82,40,V,38,10,12,0,0,1,0,N,2,2,2
80.69,1.64,30,M,19,0,0,1,1,4,0,N,0,1,1
107.18,1.76,34.6,V,18,0,8,6,0,6,0,N,2,3,4
44.94,1.58,18,M,48,0,5,0,28,12,0,S,0,1,0
107.58,1.64,40,M,57,0,24,2,1,2,10,N,2,2,3
74.95,1.66,27.2,M,54,0,5,4,12,15,3,N,1,3,3
106.28,1.63,40,M,28,50,0,2,0,0,3,N,1,1,1
60.28,1.83,18,V,21,0,0,0,12,9,0,N,1,3,4
93.14,1.68,33,V,27,0,2,0,1,2,0,N,1,4,4
88.82,1.69,31.1,M,18,0,0,0,0,5,0,N,2,2,1
108.9,1.65,40,M,28,130,0,1,0,0,0,N,1,1,1
101.47,1.71,34.7,V,21,0,16,1,0,6,0,N,1,2,2
98.17,1.64,36.5,V,45,0,0,6,6,0,0,N,1,2,2
93.11,1.65,34.2,M,18,0,9,1,0,0,2,N,3,4,4
125.32,1.77,40,V,29,100,0,4,5,1,3,N,3,3,3
45.51,1.59,18,M,30,0,0,0,20,5,0,N,1,2,2
83.81,1.57,34,M,22,0,13,3,0,3,0,N,1,4,4
104.98,1.62,40,M,29,70,7,4,0,0,0,N,1,2,1
112.9,1.68,40,V,61,90,0,0,23,15,0,N,2,2,2
101.82,1.65,37.4,M,32,0,0,1,0,2,0,N,1,1,0
59.62,1.65,21.9,M,18,0,5,2,11,0,0,N,1,2,2
107.58,1.64,40,M,65,120,16,0,12,6,2,N,1,3,1
73.97,1.69,25.9,V,24,0,0,4,7,0,0,N,2,4,4
121.1,1.74,40,V,36,50,9,6,2,6,0,S,2,2,3
94.58,1.73,31.6,V,20,0,2,0,0,3,0,N,1,1,1
116.96,1.71,40,V,42,40,0,0,6,0,0,N,3,3,4
109.6,1.67,39.3,M,42,0,0,0,0,0,0,N,0,1,1
121.1,1.74,40,V,38,120,12,0,0,1,0,N,2,4,3
86.25,1.66,31.3,M,34,0,0,5,7,1,1,N,3,4,3
102.4,1.6,40,V,48,80,0,1,10,7,0,N,1,2,2
118.34,1.72,40,V,57,0,2,0,0,7,0,N,0,1,2
114.24,1.69,40,M,63,0,0,1,0,0,0,N,2,4,3
47.24,1.62,18,M,18,0,0,0,17,4,0,N,2,3,1
107.81,1.65,39.6,M,40,0,16,1,0,9,1,N,0,0,0
50.03,1.64,18.6,M,37,0,9,0,17,8,0,N,1,3,4
125.32,1.77,40,V,39,0,0,4,0,2,0,N,1,1,2
102.74,1.68,36.4,M,35,0,0,0,0,0,0,N,3,4,4
100.12,1.67,35.9,M,46,0,8,0,3,4,0,N,3,4,4
102.4,1.6,40,M,47,70,4,2,0,0,2,N,2,1,0
110.22,1.66,40,M,51,260,0,4,8,0,7,N,1,2,2
103.77,1.76,33.5,V,18,0,7,0,0,5,0,N,2,2,1
59.4,1.67,21.3,M,38,0,0,0,14,4,0,N,0,0,1
90.42,1.81,27.6,V,43,0,0,0,10,1,0,N,3,4,4
94.16,1.57,38.2,M,36,0,0,6,0,0,2,N,1,3,4
86.73,1.67,31.1,V,35,0,0,0,3,12,0,N,0,2,2
121.1,1.74,40,V,71,0,15,0,0,7,0,N,1,0,0
96.15,1.72,32.5,V,18,0,12,0,1,1,0,N,2,4,4
129.6,1.8,40,V,63,0,0,0,0,0,0,N,1,2,2
85.82,1.63,32.3,M,18,0,0,3,0,0,0,N,1,2,2
102.91,1.61,39.7,M,41,0,0,6,0,3,0,S,1,4,1
104.36,1.64,38.8,M,33,0,4,2,0,0,0,N,2,1,2
84.52,1.81,25.8,V,26,0,3,0,8,4,0,N,3,4,3
129.6,1.8,40,V,51,0,15,0,0,0,0,N,2,2,2
111.96,1.82,33.8,M,19,0,11,2,0,5,0,N,0,0,1
85.83,1.7,29.7,V,18,0,0,3,1,0,0,N,0,1,0
90.02,1.62,34.3,M,48,30,16,0,21,6,0,N,2,2,2
76.44,1.77,24.4,M,35,0,0,0,10,7,0,N,0,2,1
112.9,1.68,40,M,76,190,13,3,0,0,1,N,3,4,3
50.2,1.67,18,M,30,0,1,1,19,6,0,N,3,1,3
91.43,1.74,30.2,V,19,0,0,0,2,5,0,N,2,2,1
103.68,1.61,40,M,64,0,11,0,0,2,0,N,1,2,2
99.86,1.58,40,M,52,40,0,1,9,12,0,N,1,3,3
73.96,1.64,27.5,M,27,0,10,0,8,0,0,N,2,3,4
121.1,1.74,40,M,48,0,5,0,0,1,0,N,0,3,1
66.97,1.65,24.6,M,42,0,0,0,12,4,0,N,3,4,4
122.5,1.75,40,V,26,100,9,3,24,19,0,S,0,1,0
60.94,1.84,18,V,48,10,11,0,30,15,0,N,1,3,3
129.6,1.8,40,V,26,110,0,1,9,2,0,N,0,3,4
82.67,1.59,32.7,M,29,0,0,3,4,0,0,N,1,1,0
101.12,1.59,40,M,30,100,15,0,0,0,1,N,1,3,2
111.56,1.67,40,M,75,0,9,0,0,9,0,N,2,4,2
131.04,1.81,40,V,51,0,0,2,0,4,0,N,1,4,3
131.04,1.81,40,V,46,0,1,8,0,0,0,N,0,2,2
106.28,1.63,40,M,44,0,20,1,0,0,1,N,2,3,4
106.01,1.63,39.9,M,37,0,0,0,0,1,3,N,0,1,1
97.08,1.71,33.2,V,20,0,9,0,1,0,0,N,2,3,4
110.56,1.75,36.1,M,37,0,0,0,0,6,0,N,2,1,1
95.95,1.7,33.2,M,30,0,7,2,4,0,0,N,1,1,1
65.4,1.74,21.6,V,70,0,2,0,22,12,0,N,2,4,4
79.32,1.61,30.6,M,29,0,0,3,7,4,0,S,2,2,1
128.16,1.79,40,V,40,140,11,2,7,2,0,N,2,3,4
102.4,1.6,40,M,24,40,6,3,0,2,3,N,1,3,3
103.75,1.7,35.9,V,31,0,14,3,2,0,0,N,0,1,2
53.25,1.72,18,V,18,0,0,2,14,12,0,N,1,0,0
98.37,1.66,35.7,M,33,0,0,1,0,3,0,N,0,2,2
67.22,1.63,25.3,M,51,0,0,1,12,13,0,N,2,4,4
93.32,1.61,36,M,26,0,3,5,0,0,0,N,1,3,3
125.32,1.77,40,V,50,0,8,2,0,0,4,N,1,3,3
98.84,1.63,37.2,M,39,0,3,0,2,2,0,N,2,3,4
122.5,1.75,40,V,20,50,16,2,0,9,0,N,1,4,4
102.4,1.6,40,M,59,20,0,6,0,1,0,N,3,3,4
70.85,1.74,23.4,V,18,0,6,0,7,3,0,N,1,3,2
101.69,1.82,30.7,V,18,10,0,0,7,0,2,N,0,0,0
81.58,1.71,27.9,V,37,0,0,2,8,3,0,N,2,4,4
108.9,1.65,40,M,38,60,5,1,18,6,3,N,1,0,0
126.74,1.78,40,V,46,150,0,6,3,9,0,N,0,1,0
119.72,1.73,40,V,45,0,7,0,0,2,0,N,2,3,3
119.72,1.73,40,V,46,50,0,0,0,0,0,N,0,2,3
114.24,1.69,40,V,50,0,2,2,0,0,0,N,1,2,3
110.59,1.77,35.3,V,51,0,0,0,6,0,0,N,2,4,4
52.02,1.7,18,V,18,0,0,0,23,18,3,N,2,3,4
109.6,1.74,36.2,V,38,0,2,1,2,0,0,S,0,1,1
121.1,1.74,40,V,70,90,13,1,0,5,0,N,2,3,4
96.64,1.78,30.5,V,21,0,5,0,2,2,0,N,2,4,4
123.28,1.76,39.8,V,39,0,0,1,0,0,0,N,2,2,2
86.53,1.66,31.4,M,22,0,0,0,5,0,6,N,3,4,4
129.6,1.8,40,V,29,150,0,2,0,0,0,N,1,1,1
94.08,1.72,31.8,V,36,0,2,1,7,1,7,N,0,0,0
126.74,1.78,40,V,66,0,21,0,0,0,0,N,0,1,0
116.96,1.71,40,V,51,0,7,0,0,0,0,N,0,0,0
119.72,1.73,40,V,55,0,11,0,2,0,0,N,1,2,2
87.11,1.69,30.5,V,42,0,8,6,10,8,0,N,1,2,3
128.16,1.79,40,V,37,20,11,1,0,3,0,N,1,3,3
129.6,1.8,40,V,36,90,26,6,0,2,1,N,2,2,2
123.9,1.76,40,V,50,30,3,0,4,0,0,N,3,4,2
76.17,1.56,31.3,M,49,0,0,6,12,0,0,N,1,2,3
104.98,1.62,40,M,34,60,8,5,1,8,0,N,1,3,2
126.74,1.78,40,V,52,0,6,3,0,5,0,N,2,4,2
42.14,1.53,18,M,51,0,5,0,21,19,0,N,0,1,3
47.82,1.63,18,V,33,0,4,0,19,15,0,N,3,4,4
54.72,1.57,22.2,M,53,0,7,0,17,8,0,N,0,0,2
96.22,1.67,34.5,V,33,0,7,4,2,3,0,N,0,2,2
112.9,1.68,40,V,46,0,7,0,0,0,0,N,1,2,1
135.42,1.84,40,V,25,40,0,7,0,0,0,S,1,2,2
114.24,1.69,40,V,43,0,9,5,1,0,0,N,0,0,0
116.96,1.71,40,V,49,160,2,0,1,0,0,N,1,1,1
99.2,1.66,36,M,18,0,13,4,0,2,0,N,1,3,2
105.95,1.73,35.4,V,25,0,0,1,0,0,0,N,0,0,0
100.76,1.75,32.9,V,33,0,2,4,3,7,0,N,2,0,1
112.9,1.68,40,V,49,0,0,1,0,3,0,N,0,0,0
108.22,1.8,33.4,M,22,0,7,0,0,6,0,S,0,1,0
122.5,1.75,40,V,52,0,0,3,0,10,0,N,2,4,3
65.79,1.6,25.7,M,78,0,0,0,20,13,3,N,0,1,1
99.42,1.7,34.4,V,55,0,8,0,9,0,0,N,0,1,1
93.15,1.67,33.4,M,18,0,0,5,0,6,0,N,1,2,2
114.24,1.69,40,M,73,40,13,3,1,0,0,N,1,1,1
116.27,1.82,35.1,V,29,0,6,0,0,0,0,N,1,1,0
73.43,1.64,27.3,M,46,0,0,2,11,3,0,N,0,0,0
106.28,1.63,40,M,46,0,3,0,0,0,0,N,1,1,2
71.41,1.68,25.3,V,35,0,13,0,13,2,0,N,0,3,4
110.22,1.66,40,V,44,40,13,0,0,1,0,N,1,1,0
113.93,1.75,37.2,V,37,0,0,1,0,3,0,N,4,4,4
77.82,1.73,26,V,26,0,0,6,10,0,0,N,1,1,0
109.07,1.71,37.3,V,28,30,1,0,10,2,0,N,3,3,3
123.9,1.76,40,V,74,0,5,3,0,1,0,N,2,2,3
114.24,1.69,40,M,52,90,0,4,0,2,4,N,1,4,4
108.9,1.65,40,M,43,40,7,0,11,5,0,N,2,4,4
126.74,1.78,40,V,50,0,2,4,0,0,0,N,0,1,0
58.32,1.8,18,V,36,0,0,2,25,7,0,N,2,4,4
80.96,1.64,30.1,M,59,0,0,0,12,9,1,N,0,1,1
115.6,1.7,40,V,59,180,0,0,6,1,0,N,0,0,0
89.97,1.69,31.5,V,26,0,12,3,5,2,0,N,3,4,4
60.28,1.83,18,V,26,0,10,0,24,11,0,N,2,3,3
61.36,1.67,22,M,44,0,0,0,14,11,0,N,0,1,0
74.6,1.65,27.4,M,44,0,1,0,10,9,0,N,2,4,4
105.65,1.73,35.3,M,51,0,9,3,9,0,0,N,1,1,1
118.64,1.76,38.3,V,70,0,8,2,10,5,0,N,3,4,3
122.23,1.82,36.9,V,33,0,0,2,0,0,0,N,2,4,4
71.4,1.67,25.6,M,31,0,0,3,10,5,0,N,1,1,2
93.64,1.53,40,M,70,0,0,4,0,0,9,N,2,3,1
123.12,1.77,39.3,V,34,0,0,7,0,0,0,N,1,3,1
112.62,1.82,34,V,32,0,0,0,3,0,1,N,2,3,3
112.71,1.7,39,M,34,0,0,4,0,0,0,N,2,2,0
59.07,1.71,20.2,M,18,0,0,0,10,7,0,N,2,4,2
81.71,1.73,27.3,V,18,0,0,2,5,0,0,N,1,3,2
126.74,1.78,40,V,58,110,10,1,0,0,0,N,2,3,2
104.13,1.79,32.5,V,47,0,11,2,8,10,0,N,0,3,2
126.74,1.78,40,V,37,50,3,2,17,6,0,N,2,4,4
121.1,1.74,40,V,47,0,12,2,4,4,0,N,4,4,4
115.6,1.7,40,V,38,130,0,3,0,0,0,N,2,4,4
56.57,1.73,18.9,V,34,0,0,0,14,14,0,N,0,2,1
122.5,1.75,40,V,60,90,18,3,0,2,0,N,1,2,2
59.12,1.67,21.2,M,69,0,5,2,24,8,0,N,3,4,3
97.37,1.62,37.1,M,29,0,4,4,0,4,0,N,0,0,0
115.76,1.75,37.8,V,52,0,0,4,4,3,0,N,0,3,1
52.02,1.7,18,V,38,0,0,1,19,13,0,N,1,3,3
96.53,1.7,33.4,V,19,0,0,5,0,0,1,N,0,1,0
101.12,1.59,40,M,39,0,0,0,0,0,4,N,1,1,2
112.9,1.68,40,M,44,70,4,1,18,17,NA,N,4,4,3
89.94,1.72,30.4,V,36,0,0,0,6,3,0,N,1,2,1
58.87,1.72,19.9,V,18,0,0,3,10,6,0,N,1,2,1
96.1,1.65,35.3,M,24,0,0,4,0,0,1,N,0,1,1
121.1,1.74,40,V,38,0,0,2,0,0,3,N,1,2,1
121.1,1.74,40,V,31,70,0,8,2,0,0,N,0,1,1
110.22,1.66,40,M,53,0,16,0,0,2,0,N,1,0,0
112.75,1.76,36.4,V,29,0,3,4,0,0,NA,N,0,2,1
118.82,1.73,39.7,V,42,0,0,0,0,1,0,N,1,2,1
88.29,1.73,29.5,V,45,0,7,1,13,2,0,S,2,2,2
115.02,1.7,39.8,M,47,0,0,0,0,2,0,N,4,4,4
114.24,1.69,40,V,59,10,0,6,6,0,0,N,1,4,4
118.34,1.72,40,M,61,0,0,1,0,2,0,N,0,0,1
52.02,1.7,18,V,23,0,1,0,22,9,0,N,2,4,4
101.12,1.59,40,M,65,0,9,0,0,0,0,N,3,4,4
102.4,1.6,40,M,82,0,0,5,0,3,0,N,1,2,0
114.24,1.69,40,V,56,0,5,0,5,0,2,N,1,1,2
84.87,1.66,30.8,M,21,0,12,4,6,3,1,N,2,1,1
125.32,1.77,40,V,30,80,0,0,0,0,0,N,1,2,2
98.6,1.57,40,M,50,40,0,2,18,0,0,N,0,0,0
58.66,1.73,19.6,M,18,0,0,5,11,6,0,N,2,2,1
95.97,1.74,31.7,V,51,0,7,1,9,8,0,N,2,4,4
104.98,1.62,40,M,49,180,0,4,0,0,4,N,0,2,3
99.52,1.64,37,M,41,0,9,2,4,0,0,N,2,3,3
81.87,1.71,28,M,52,0,3,3,13,3,0,N,0,1,1
121.1,1.74,40,M,51,0,0,0,0,2,0,N,1,2,2
101.68,1.75,33.2,V,38,0,2,7,6,6,0,N,2,3,0
104.98,1.62,40,M,41,40,0,3,0,0,0,S,3,3,3
116.96,1.71,40,V,55,0,24,2,4,6,0,N,1,2,2
93.26,1.63,35.1,M,52,0,15,0,8,10,0,N,0,0,0
94.86,1.54,40,M,71,80,0,0,7,0,0,N,0,0,0
84.44,1.59,33.4,M,40,0,0,1,3,6,0,N,0,2,2
111.56,1.67,40,M,34,150,0,2,0,0,0,N,2,2,2
118.34,1.72,40,V,39,0,0,4,0,0,0,N,0,0,2
126.74,1.78,40,V,39,30,10,1,0,0,0,N,1,2,2
107.8,1.75,35.2,V,51,0,0,0,5,6,0,N,3,4,3
108.9,1.65,40,M,18,90,5,0,0,0,0,N,0,2,2
80.17,1.72,27.1,M,31,0,0,2,8,0,0,N,1,2,1
108.9,1.65,40,M,47,0,0,1,0,0,0,N,0,1,0
106.97,1.68,37.9,V,67,0,6,0,8,9,0,N,1,3,4
141.38,1.88,40,V,45,0,14,0,0,2,1,N,1,2,2
79.3,1.76,25.6,V,36,0,10,0,11,6,0,N,1,1,2
121.1,1.74,40,V,37,0,15,0,0,2,0,N,1,3,3
112.9,1.68,40,V,55,30,8,0,15,1,0,N,1,1,1
126.74,1.78,40,V,36,90,0,5,0,0,3,N,1,3,3
118.34,1.72,40,V,52,70,0,0,23,8,0,N,2,4,3
89.72,1.57,36.4,M,28,30,0,1,12,5,0,N,2,3,4
111.46,1.8,34.4,V,63,0,10,6,11,10,0,N,3,4,4
108.85,1.66,39.5,M,39,0,0,5,0,0,0,N,2,2,2
107.74,1.73,36,V,52,10,11,0,12,0,0,N,1,3,4
118.92,1.81,36.3,V,34,0,1,1,0,0,0,N,1,3,3
108.99,1.74,36,V,43,0,2,0,2,7,0,N,3,4,4
103.68,1.61,40,M,51,60,0,3,0,0,1,N,1,2,1
103.39,1.77,33,V,18,0,9,2,0,3,0,N,2,3,4
52.63,1.71,18,V,18,0,0,1,12,1,0,N,1,1,0
108.9,1.65,40,M,18,30,30,0,10,5,0,N,1,1,3
113.99,1.76,36.8,V,55,0,3,3,7,6,4,N,1,3,3
122.5,1.75,40,V,18,80,5,4,5,4,0,N,0,0,0
49.18,1.58,19.7,M,30,0,0,0,11,12,1,N,1,2,2
118.22,1.73,39.5,V,32,0,17,0,0,3,0,N,2,4,4
108.9,1.65,40,M,37,40,11,0,3,0,0,N,0,0,3
88.25,1.69,30.9,M,45,0,4,0,7,8,0,N,3,4,2
125.32,1.77,40,V,46,0,7,7,0,0,0,N,0,1,1
125.32,1.77,40,V,48,0,0,3,0,0,0,N,2,2,3
53.09,1.65,19.5,M,53,0,0,2,20,11,0,N,1,0,0
106.28,1.63,40,M,38,80,0,2,0,2,0,N,1,3,3
71.27,1.64,26.5,M,29,0,19,0,12,0,0,N,4,4,3
109.79,1.68,38.9,V,18,0,29,1,0,0,0,N,2,2,0
73.43,1.64,27.3,M,27,0,0,1,7,2,3,N,3,3,4
122.5,1.75,40,V,46,70,0,1,2,0,0,N,1,2,3
128.16,1.79,40,V,36,240,0,0,16,4,0,N,3,3,1
70.27,1.66,25.5,M,62,0,7,1,15,10,0,N,2,4,4
92.42,1.52,40,M,27,60,0,0,0,0,0,N,2,2,1
123.9,1.76,40,V,56,100,12,0,21,14,5,N,1,1,0
102.4,1.6,40,M,34,180,0,6,0,10,0,N,1,4,4
97.34,1.56,40,M,57,100,0,0,0,0,0,N,0,1,2
126.74,1.78,40,V,70,120,9,2,0,0,0,N,0,0,0
108.9,1.65,40,M,95,0,12,0,0,7,0,N,1,1,1
115.6,1.7,40,V,64,0,0,0,5,0,0,N,2,3,1
87.55,1.53,37.4,M,38,0,0,2,0,5,0,N,1,1,1
96.18,1.63,36.2,M,36,0,0,0,0,0,0,N,1,4,4
59.72,1.75,19.5,V,39,0,14,3,18,8,0,N,1,2,1
85.62,1.67,30.7,M,18,0,0,3,0,0,0,N,0,1,1
90.25,1.69,31.6,M,43,0,9,2,9,2,0,N,2,2,3
88.75,1.65,32.6,M,49,0,0,2,8,10,0,N,2,1,2
97.69,1.75,31.9,V,60,0,12,2,14,5,0,N,0,0,0
64.7,1.67,23.2,M,39,0,3,6,15,3,0,N,1,2,2
74.27,1.7,25.7,M,32,0,0,0,8,8,0,N,1,2,2
94.09,1.61,36.3,M,62,0,3,2,10,2,0,N,1,3,3
108.9,1.65,40,M,60,80,0,1,0,0,0,N,0,0,0
118.34,1.72,40,V,69,40,0,0,0,0,0,N,2,4,4
108.9,1.65,40,M,18,220,5,2,20,13,3,N,1,3,2
104.98,1.62,40,M,20,220,0,2,0,4,0,N,0,0,0
108.41,1.75,35.4,V,34,0,0,0,0,6,0,N,1,2,2
63.61,1.72,21.5,V,52,0,14,5,20,12,0,N,1,3,3
104.98,1.62,40,M,18,140,0,2,0,3,0,N,0,2,3
92.82,1.69,32.5,V,48,0,8,0,7,3,0,N,1,2,2
122.89,1.82,37.1,V,24,0,13,4,1,0,0,N,1,2,1
108.66,1.7,37.6,M,36,0,0,0,0,2,4,N,3,3,2
106.28,1.63,40,M,38,70,0,6,0,0,0,N,3,4,4
58.97,1.81,18,V,34,0,6,3,23,21,0,N,0,0,0
110.22,1.66,40,M,32,130,0,6,0,1,0,N,1,1,1
57.01,1.68,20.2,M,33,0,2,2,15,3,0,N,0,1,0
103.68,1.61,40,M,43,20,0,2,3,4,0,N,1,1,0
98.36,1.58,39.4,M,39,0,1,0,0,0,0,N,0,0,0
107.58,1.64,40,M,55,20,16,0,0,0,0,N,2,4,4
111.56,1.67,40,M,58,0,13,4,0,4,0,N,0,0,0
107.58,1.64,40,M,62,0,25,2,13,2,4,N,0,0,0
110.22,1.66,40,M,58,130,2,4,2,0,4,N,1,2,2
128.16,1.79,40,V,50,50,4,0,8,9,0,N,3,4,4
119.22,1.83,35.6,V,49,10,9,5,10,12,0,N,2,3,4
101.12,1.59,40,M,63,0,6,3,0,2,0,N,0,2,1
113.68,1.76,36.7,V,48,20,10,0,15,6,0,N,1,0,1
86.88,1.63,32.7,M,24,0,11,3,2,8,0,N,2,4,4
98.73,1.67,35.4,M,53,0,0,0,6,0,0,N,1,2,3
126.74,1.78,40,V,28,70,28,2,5,0,0,N,1,2,4
112.9,1.68,40,M,44,30,0,3,5,0,0,N,3,3,3
91.9,1.7,31.8,V,27,0,0,1,1,6,0,S,1,1,0
117.88,1.83,35.2,V,61,0,0,0,10,0,0,N,0,1,2
107.58,1.64,40,M,48,60,0,0,14,5,0,N,2,3,3
112.9,1.68,40,M,33,20,0,0,3,8,0,N,2,2,0
129.6,1.8,40,V,40,110,0,3,0,0,0,N,0,1,1
101.12,1.59,40,M,47,0,9,0,1,2,0,N,2,4,4
102.4,1.6,40,M,36,120,0,0,12,1,0,N,1,1,1
115.6,1.7,40,V,21,50,5,0,12,6,0,S,1,3,3
107.58,1.64,40,V,41,90,0,0,0,3,0,N,1,1,0
82.83,1.69,29,V,32,0,0,0,4,6,0,N,0,2,2
118.34,1.72,40,V,45,0,7,4,0,4,2,N,0,2,3
73.3,1.66,26.6,M,35,0,6,0,10,4,3,N,2,4,3
105.28,1.68,37.3,V,49,0,0,2,3,6,1,N,2,3,2
103.68,1.61,40,M,56,0,0,4,0,3,0,N,0,1,0
97.1,1.62,37,M,31,0,13,0,0,4,0,N,4,4,3
111.26,1.7,38.5,V,33,0,0,0,0,3,3,S,0,2,1
112.9,1.68,40,M,50,0,4,5,1,0,0,N,0,0,0
58.32,1.8,18,V,44,0,0,2,28,12,0,N,1,3,3
122.5,1.75,40,V,50,0,0,4,0,0,0,N,1,2,1
108.9,1.65,40,M,25,70,0,0,0,4,0,N,1,2,2
82.26,1.69,28.8,M,20,0,8,0,5,0,0,N,1,1,0
94.86,1.54,40,M,28,50,0,0,0,2,11,N,2,4,4
114.24,1.69,40,M,47,0,0,2,0,0,0,N,0,0,0
115.6,1.7,40,V,31,30,0,2,0,0,0,N,1,2,2
98.6,1.57,40,M,75,0,11,1,3,0,0,N,1,2,2
107.58,1.64,40,M,39,100,1,4,0,0,6,N,0,3,3
111.56,1.67,40,M,68,0,0,1,0,6,0,N,1,3,3
123.9,1.76,40,V,32,60,0,1,6,6,1,N,0,0,0
116.96,1.71,40,M,60,120,0,7,0,8,0,N,1,2,1
125.32,1.77,40,V,63,10,0,1,5,0,0,N,1,4,4
107.58,1.64,40,M,55,30,9,0,1,0,5,N,2,1,1
103.68,1.61,40,M,27,70,5,0,10,4,0,N,1,3,3
100.46,1.65,36.9,M,19,10,8,0,2,0,0,S,2,4,4
116.54,1.83,34.8,V,53,0,0,0,7,1,0,N,2,2,3
76.47,1.61,29.5,M,21,30,7,2,16,7,0,N,1,1,0
59.17,1.64,22,M,52,0,0,0,16,10,0,N,1,3,3
79.2,1.67,28.4,V,30,0,0,3,7,2,0,N,1,1,0
95.55,1.75,31.2,M,44,0,0,0,5,4,0,N,0,3,3
83.2,1.73,27.8,V,38,0,1,4,10,4,0,N,1,1,2
107.93,1.67,38.7,M,24,0,10,7,0,0,2,N,3,4,4
90.88,1.68,32.2,M,19,0,6,6,0,5,0,N,3,4,4
63.56,1.81,19.4,V,23,0,0,1,13,8,3,N,1,1,2
85.7,1.66,31.1,M,55,0,0,0,10,5,0,N,2,3,4
123.9,1.76,40,M,40,20,9,0,3,0,1,N,1,2,3
116.96,1.71,40,M,35,0,18,0,0,5,5,N,0,1,1
111.56,1.67,40,M,28,120,0,6,0,0,0,N,0,0,0
90.88,1.68,32.2,M,24,0,0,2,0,8,0,N,2,4,4
63.39,1.75,20.7,V,39,0,9,2,16,8,0,N,0,2,3
132.5,1.82,40,V,70,80,6,0,6,5,0,N,0,1,1
55,1.63,20.7,M,36,0,0,0,15,7,0,N,1,2,3
106.28,1.63,40,M,58,0,0,4,0,1,0,N,1,2,2
97.63,1.64,36.3,M,29,0,5,2,0,0,0,N,3,4,3
104.03,1.67,37.3,M,53,0,22,0,8,0,0,N,1,2,1
93.64,1.53,40,M,61,0,20,2,5,0,0,N,0,1,0
114.24,1.69,40,M,40,0,0,4,0,0,0,N,1,2,2
109.65,1.71,37.5,V,50,0,1,2,5,0,0,N,1,2,3
104.98,1.62,40,M,46,10,0,0,0,0,0,N,0,0,1
102.4,1.6,40,M,52,0,8,0,0,0,0,N,2,4,4
123.9,1.76,40,V,54,0,8,2,0,1,0,N,3,3,3
91.87,1.58,36.8,M,27,0,0,7,0,0,0,S,2,3,3
80.42,1.79,25.1,V,55,0,13,0,18,10,2,N,3,3,3
98.61,1.75,32.2,V,21,0,0,2,0,0,0,N,2,3,4
116.91,1.78,36.9,V,31,0,0,1,0,0,0,N,1,4,4
86.33,1.84,25.5,V,36,0,0,3,9,11,0,N,1,4,4
107.8,1.76,34.8,V,22,0,4,0,0,0,0,N,1,2,2
67.98,1.69,23.8,M,18,0,0,1,9,0,0,N,2,2,3
78.64,1.63,29.6,V,47,0,9,0,12,8,0,N,2,4,4
86.53,1.66,31.4,M,19,0,1,2,1,0,0,N,0,0,0
122.5,1.75,40,V,25,30,0,0,3,11,0,N,2,3,2
81.44,1.74,26.9,M,44,0,9,0,10,11,0,N,0,2,1
104.19,1.62,39.7,M,42,0,0,3,0,0,0,N,1,3,3
121.1,1.74,40,M,65,0,1,0,0,1,2,N,0,0,1
102.14,1.6,39.9,M,37,0,5,0,0,0,0,N,0,1,2
114.24,1.69,40,V,18,80,0,4,0,0,0,N,1,2,1
54.85,1.62,20.9,M,27,0,0,1,12,1,0,N,1,2,2
107.1,1.69,37.5,M,45,0,0,0,3,4,0,N,0,1,2
101.94,1.64,37.9,M,42,0,0,0,2,0,0,N,2,3,2
104.71,1.62,39.9,M,50,20,3,0,11,2,0,N,2,3,3
126.74,1.78,40,V,49,190,0,0,0,0,0,N,4,4,4
111.56,1.67,40,M,28,40,7,5,0,1,0,N,3,2,1
91.64,1.79,28.6,V,27,0,6,0,6,0,0,N,0,1,0
108.9,1.65,40,M,51,0,9,0,0,0,0,N,1,2,3
104.03,1.67,37.3,M,45,0,0,0,3,0,0,N,2,2,3
106.09,1.66,38.5,M,43,0,0,0,0,0,0,N,0,1,1
120.53,1.8,37.2,V,42,0,6,0,4,0,6,N,2,4,3
60.16,1.58,24.1,M,36,0,9,6,13,11,0,S,1,3,3
109.32,1.67,39.2,V,36,0,0,5,0,1,0,N,3,3,4
132.5,1.82,40,V,43,0,0,0,1,0,1,N,1,3,1
102.4,1.6,40,M,33,40,0,6,2,1,0,N,2,3,1
135.42,1.84,40,V,18,40,7,1,0,0,11,N,2,3,3
112.16,1.77,35.8,V,33,0,2,0,0,0,0,N,2,4,3
107.58,1.64,40,M,72,0,0,3,1,0,0,N,1,0,1
63.58,1.74,21,V,32,0,5,3,16,2,0,N,1,3,3
107.58,1.64,40,M,48,50,0,5,0,0,0,N,2,3,4
60.55,1.69,21.2,M,33,0,5,0,12,7,0,N,0,2,2
89.56,1.56,36.8,M,49,0,9,1,5,10,0,N,2,2,3
83.95,1.79,26.2,V,31,0,0,0,8,5,0,N,3,4,4
65.26,1.67,23.4,M,37,0,10,3,15,4,0,N,1,0,1
106.28,1.63,40,M,35,180,1,2,1,0,0,N,2,2,2
51.73,1.65,19,V,31,0,0,0,14,7,0,N,2,2,1
55.6,1.68,19.7,M,35,0,2,0,15,1,0,N,0,1,0
52.02,1.7,18,V,63,0,13,0,32,4,0,N,4,4,2
94.86,1.54,40,M,41,140,0,3,2,7,0,N,2,4,4
107.58,1.64,40,V,78,0,11,0,0,0,0,N,1,2,1
53.87,1.73,18,V,30,0,5,0,18,16,0,N,2,3,3
90.88,1.68,32.2,M,19,0,0,1,0,0,0,N,1,2,2
107.58,1.64,40,M,24,60,4,0,2,8,0,N,2,3,4
110.22,1.66,40,M,66,100,0,0,1,8,0,N,2,4,3
87.81,1.6,34.3,M,38,0,0,0,4,0,0,N,1,0,1
102.4,1.6,40,M,25,110,0,3,0,0,0,N,3,4,3
54.5,1.74,18,V,30,0,2,2,15,6,0,N,2,1,1
81.16,1.76,26.2,V,45,0,22,1,15,3,0,N,1,3,4
65.9,1.78,20.8,V,18,50,4,1,31,12,0,N,2,4,3
127.84,1.79,39.9,V,54,0,7,3,3,4,0,N,2,4,3
